texte_cle,activite_id,identifiant_national,denomination,categorie_famille,secteurs,domaines,objet,exercice_annee,exercice_debut,exercice_fin,responsables_publics,decisions_concernees,actions_menees,montant_depense,sect_ok,dom_ok,n_mots,fuzzy,score,dans_fenetre,eligible,nomme_texte,cible_nommee,cible_thematique,cible_texte,niveau_ciblage,verdict_manuel,commentaire
fraudes,YVIFOL5V,784409013,FEDERATION FRANCAISE DE L ASSURANCE (FFA),GROUP_PRO,AGRI | FINANCE | ECONOMIE | FINANCES | ENVIRONNEMENT | NUMERIQUE | OUTREMER | SANTE,"Banques, assurances, secteur financier",PJL Fraude: Indiquer que la suspension temporaire du tiers payant pour l’assuré sanctionné pour fraude réduirait les chances de fraude répétées.,2025,2025-01-01,2025-12-31,"Député, sénateur, collaborateur du Président de l'Assemblée nationale ou du Président du Sénat, d’un député, d'un sénateur ou d'un groupe parlementaire, agents des services des assemblées parlementaires","Lois, y compris constitutionnelles",Transmettre des suggestions afin d'influencer la rédaction d'une décision publique,> = 1 750 000 euros et < 2 000 000 euros,True,True,0,48.20512820512821,52.1,True,True,True,True,False,True,1 - texte nommé,oui,
fraudes,UVPE64T3,443873930,MUTUALITE FRANCAISE BRETAGNE,GROUP_PRO,FINANCE | EMPLOI | ENVIRONNEMENT | NUMERIQUE | SANTE | SPORTS,"Emploi, solidarité | Santé",PJL Fraudes : prévoir la notification de la décision de suspension des indemnités journalières pour arrêt de travail frauduleux,2025,2025-01-01,2025-12-31,"Député, sénateur, collaborateur du Président de l'Assemblée nationale ou du Président du Sénat, d’un député, d'un sénateur ou d'un groupe parlementaire, agents des services des assemblées parlementaires","Lois, y compris constitutionnelles","Etablir une correspondance régulière (par courriel, par courrier…) | Organiser des discussions informelles ou des réunions en tête-à-tête | Transmettre aux décideurs publics des informations, expertises dans un objectif de conviction | Transmettre des suggestions afin d'influencer la rédaction d'une décision publique",> = 25 000 euros et < 50 000 euros,True,False,0,51.06382978723404,27.8,True,True,True,True,False,True,1 - texte nommé,oui,
defense,0V2L6XMH,491119780,LIGUE DE DEFENSE DES CONDUCTEURS,ORG_NO_GOUV,CONSO | SECURITE | ENERGIE | RECHERCHE | FINANCES | ENVIRONNEMENT | JUSTICE | AMENAGEMENT | TRANSPORTS,"Transports, logistique | Environnement","Faire appliquer le décret n°94-447 et la norme NF P98-300, afin d’assurer leur conformité, protéger les usagers et harmoniser l'implantation des ralentisseurs.",2025,2025-01-01,2025-12-31,"Député, sénateur, collaborateur du Président de l'Assemblée nationale ou du Président du Sénat, d’un député, d'un sénateur ou d'un groupe parlementaire, agents des services des assemblées parlementaires | Membre du Gouvernement ou membre de cabinet ministériel - Aménagement du territoire, ruralité et collectivités territoriales","Actes réglementaires | Lois, y compris constitutionnelles","Transmettre aux décideurs publics des informations, expertises dans un objectif de conviction | Transmettre des suggestions afin d'influencer la rédaction d'une décision publique",> = 75 000 euros et < 100 000 euros,True,False,0,46.15384615384615,26.5,True,True,False,False,False,False,0 - écarté,non,
fraudes,0V5S0MCV,W751223237,FEDERATION FRANCAISE DU TRANSPORT DE PERSONNES SUR RESERVATION,GROUP_PRO,EMPLOI | NUMERIQUE | TRANSPORTS,"Transports, logistique",PJL fraudes : obtenir un délai d’application suffisant de l’article 8 pour embarquer l’ensemble des chauffeurs et ne pas pénaliser le secteur VTC ,2025,2025-01-02,2026-01-01,"Député, sénateur, collaborateur du Président de l'Assemblée nationale ou du Président du Sénat, d’un député, d'un sénateur ou d'un groupe parlementaire, agents des services des assemblées parlementaires | Membre du Gouvernement ou membre de cabinet ministériel - Premier ministre, Travail, emploi, formation professionnelle et dialogue social, Economie et finances, Environnement, énergie et mer | Titulaire d'un emploi à la décision du Gouvernement","Actes réglementaires | Autres décisions publiques | Lois, y compris constitutionnelles","Etablir une correspondance régulière (par courriel, par courrier…) | Organiser des discussions informelles ou des réunions en tête-à-tête | Transmettre aux décideurs publics des informations, expertises dans un objectif de conviction | Transmettre des suggestions afin d'influencer la rédaction d'une décision publique",> = 10 000 euros et < 25 000 euros,False,False,0,46.009389671361504,11.5,True,True,True,True,False,True,1 - texte nommé,oui,
fraudes,0V2LGUBH,303215016,CONFEDERATION DES PETITES ET MOYENNES ENTREPRISES,GROUP_PRO,ECONOMIE | EDUCATION | EMPLOI | FINANCES | ENVIRONNEMENT | NUMERIQUE,"Economie | Entreprises et professions libérales | Emploi, solidarité","PJL fraudes soc & fis - Permettre aux experts-comptables et tiers déclarants de mettre à jour le passeport prévention pour le compte de l’employeur, afin de garantir la bonne application du dispositif",2025,2025-01-01,2025-12-31,"Député, sénateur, collaborateur du Président de l'Assemblée nationale ou du Président du Sénat, d’un député, d'un sénateur ou d'un groupe parlementaire, agents des services des assemblées parlementaires","Lois, y compris constitutionnelles","Etablir une correspondance régulière (par courriel, par courrier…) | Transmettre aux décideurs publics des informations, expertises dans un objectif de conviction | Transmettre des suggestions afin d'influencer la rédaction d'une décision publique",> = 100 000 euros et < 200 000 euros,True,True,0,44.96124031007752,51.2,True,True,True,True,False,True,1 - texte nommé,oui,
agriculture,OHZUTIKV,414079251,OMNICOM PUBLIC RELATIONS GROUP,JURISTE,AGRI | CONSO | ECONOMIE | EDUCATION | ENERGIE | FINANCES | ENVIRONNEMENT | AMENAGEMENT | NUMERIQUE | SANTE | SOCIETE | SPORTS | TRANSPORTS,"Agriculture, agroalimentaire","Inviter des décideurs publics à un petit-déjeuner pour valoriser la filière confiserie, promouvoir formation, transmission et export, et renforcer sa compétitivité et son ancrage territorial",2025,2025-01-01,2025-12-31,"Agent de l’État - Agent d’administration centrale de l’État | Député, sénateur, collaborateur du Président de l'Assemblée nationale ou du Président du Sénat, d’un député, d'un sénateur ou d'un groupe parlementaire, agents des services des assemblées parlementaires | Membre du Gouvernement ou membre de cabinet ministériel - Agriculture, agroalimentaire et forêt","Actes réglementaires | Autres décisions publiques | Lois, y compris constitutionnelles","Inviter ou organiser des évènements, des rencontres ou des activités promotionnelles",> = 10 000 euros et < 25 000 euros,True,True,1,39.3574297188755,61.5,True,True,False,False,True,False,2 - voisinage thématique,non,"valorisation de filière, hors texte"
agriculture,EHL7D2AH,438608630,ALLIANCE FRANCAISE DES INDUSTRIES DU NUMERIQUE,GROUP_PRO,ETRANGER | CONSO | ENVIRONNEMENT | MEDIA | NUMERIQUE | PUBLIC | PROPINT | COM,Finances publiques,Défendre le crédit d'impôt recherche dans le cadre du PLF,2025,2025-01-01,2025-12-31,"Député, sénateur, collaborateur du Président de l'Assemblée nationale ou du Président du Sénat, d’un député, d'un sénateur ou d'un groupe parlementaire, agents des services des assemblées parlementaires | Membre du Gouvernement ou membre de cabinet ministériel - Education nationale, enseignement supérieur et recherche","Lois, y compris constitutionnelles",Organiser des discussions informelles ou des réunions en tête-à-tête | Transmettre des suggestions afin d'influencer la rédaction d'une décision publique,> = 200 000 euros et < 300 000 euros,True,False,0,44.26229508196721,26.1,True,True,False,False,False,False,0 - écarté,non,
logement,W3UJ1T0H,H771956256,PLEAD,JURISTE,AGRI | FINANCE | COMMERCE | CONSO | ECONOMIE | EMPLOI | FINANCES | ENTREPRISE | ENVIRONNEMENT | AMENAGEMENT | MEDIA | NUMERIQUE | SANTE | SPORTS | TRANSPORTS,"Economie | Construction, logement, aménagement du territoire",supprimer l'interdiction de refacturation de la taxe foncière aux locataires dans les baux commerciaux dans le cadre du PJL simplification de la vie économique ,2025,2025-01-01,2025-12-31,"Député, sénateur, collaborateur du Président de l'Assemblée nationale ou du Président du Sénat, d’un député, d'un sénateur ou d'un groupe parlementaire, agents des services des assemblées parlementaires | Membre du Gouvernement ou membre de cabinet ministériel - Economie et finances","Lois, y compris constitutionnelles",Organiser des discussions informelles ou des réunions en tête-à-tête | Transmettre des suggestions afin d'influencer la rédaction d'une décision publique,> = 200 000 euros et < 300 000 euros,True,True,1,44.03669724770642,62.7,True,True,False,False,True,False,2 - voisinage thématique,non,"PJL simplification de la vie économique, autre véhicule"
agriculture,9V0K94QV,784668618,MOUVEMENT DES ENTREPRISES DE FRANCE,GROUP_PRO,AGRI | FINANCE | COMMERCE | CONSO | ECONOMIE | EDUCATION | EMPLOI | ENERGIE | RECHERCHE | FINANCES | ENTREPRISE | ENVIRONNEMENT | JUSTICE | AMENAGEMENT | NUMERIQUE | OUTREMER | PUBLIC | PROREG | PROPINT | MIGRA | SANTE | SPORTS | COM | TRANSPORTS | AERONOSP | RESOURNAT,"Enseignement supérieur, recherche, innovation | Finances publiques","Conserver les taux actuels de dépenses éligibles au CIR, incluant les brevets et le soutien aux jeunes docteurs",2025,2025-01-01,2025-12-31,"Membre du Gouvernement ou membre de cabinet ministériel - Education nationale, enseignement supérieur et recherche","Lois, y compris constitutionnelles","Etablir une correspondance régulière (par courriel, par courrier…)",> = 3 500 000 euros et < 3 750 000 euros,True,False,0,43.67816091954023,25.9,True,True,False,False,False,False,0 - écarté,non,
fraudes,JVDFI9PH,538571530,FORWARD PARTNERS,JURISTE,COMMERCE | ECONOMIE | EDUCATION | FINANCES | NUMERIQUE | SANTE | SPORTS | TRANSPORTS,Economie,"PJL fraude : imposer aux prestataires de services de paiement, y compris néobanques, plateformes, de transmettre aux douanes les transactions liées à des expéditeurs signalés pour infractions au tabac",2025,2025-01-01,2025-12-31,"Député, sénateur, collaborateur du Président de l'Assemblée nationale ou du Président du Sénat, d’un député, d'un sénateur ou d'un groupe parlementaire, agents des services des assemblées parlementaires","Lois, y compris constitutionnelles",Transmettre des suggestions afin d'influencer la rédaction d'une décision publique,> = 75 000 euros et < 100 000 euros,True,False,0,42.023346303501945,25.5,True,True,True,True,False,True,1 - texte nommé,oui,
logement,Y3G7JAMV,304602956,COOPERATIVE U,ENTREPRISE,AGRI | CONSO | ENVIRONNEMENT,"Economie | Construction, logement, aménagement du territoire | Concurrence, consommation","Présenter Coopérative U, ses perspectives et les mutations du secteur (notamment dans un contexte inflationniste), et promouvoir les spécificités du modèle coopératif dans la distribution",2025,2025-01-01,2025-12-31,"Député, sénateur, collaborateur du Président de l'Assemblée nationale ou du Président du Sénat, d’un député, d'un sénateur ou d'un groupe parlementaire, agents des services des assemblées parlementaires | Membre du Gouvernement ou membre de cabinet ministériel - Economie et finances | Élu ou membre de cabinet d'une collectivité territoriale - Métropole Européenne de Lille, Commune de Nice, Métropole Rouen Normandie, Commune du Havre","Lois, y compris constitutionnelles",Organiser des discussions informelles ou des réunions en tête-à-tête,> = 200 000 euros et < 300 000 euros,True,True,0,40.66390041493776,50.2,True,True,False,False,False,False,0 - écarté,non,
agriculture,ZV9JRYKH,994551372,EGALIA,JURISTE,ETRANGER | AGRI | ECONOMIE | EDUCATION | EMPLOI | ENERGIE | RECHERCHE | ENVIRONNEMENT | JUSTICE | MEDIA | PUBLIC | MIGRA | SANTE | SOCIETE | SPORTS | TRANSPORTS | RESOURNAT,"Outre-mer | Agriculture, agroalimentaire","Défendre les chiens errants des outre-mer, menacés de tirs dans la loi d'Urgence agricole",2026,2026-01-01,2026-12-31,"Député, sénateur, collaborateur du Président de l'Assemblée nationale ou du Président du Sénat, d’un député, d'un sénateur ou d'un groupe parlementaire, agents des services des assemblées parlementaires","Lois, y compris constitutionnelles","Etablir une correspondance régulière (par courriel, par courrier…) | Transmettre aux décideurs publics des informations, expertises dans un objectif de conviction | Transmettre des suggestions afin d'influencer la rédaction d'une décision publique",,True,True,1,57.69230769230769,66.1,True,True,True,True,True,True,1 - texte nommé,oui,
agriculture,DVS2E2QV,180070047,CHAMBRES D'AGRICULTURE FRANCE,GROUP_PRO,AGRI | ENERGIE | ENVIRONNEMENT | OUTREMER,"Agriculture, agroalimentaire | Environnement","Irrigation : renforcer la protection juridique des projets, et sanctuariser l'usage agricole de l'eau. ",2025,2025-01-01,2025-12-31,"Agent de l’État - Agent d’un service déconcentré de l’État, Agent d’administration centrale de l’État | Député, sénateur, collaborateur du Président de l'Assemblée nationale ou du Président du Sénat, d’un député, d'un sénateur ou d'un groupe parlementaire, agents des services des assemblées parlementaires | Membre du Gouvernement ou membre de cabinet ministériel - Agriculture, agroalimentaire et forêt, Environnement, énergie et mer","Actes réglementaires | Lois, y compris constitutionnelles","Etablir une correspondance régulière (par courriel, par courrier…) | Organiser des discussions informelles ou des réunions en tête-à-tête | Transmettre des suggestions afin d'influencer la rédaction d'une décision publique",> = 200 000 euros et < 300 000 euros,True,True,2,65.85365853658536,79.8,True,True,False,False,True,False,2 - voisinage thématique,incertain,"thème de l'eau agricole, texte non nommé : rattachement plausible mais non vérifiable"
fraudes,C34W56QV,421468018,NEXTEP,JURISTE,ECONOMIE | RECHERCHE | FINANCES | SANTE,Santé,Améliorer la couverture vaccinale chez les adolescents,2025,2025-01-01,2025-12-31,"Député, sénateur, collaborateur du Président de l'Assemblée nationale ou du Président du Sénat, d’un député, d'un sénateur ou d'un groupe parlementaire, agents des services des assemblées parlementaires | Membre du Gouvernement ou membre de cabinet ministériel - Affaires sociales et santé, Education nationale, enseignement supérieur et recherche | Titulaire d'un emploi à la décision du Gouvernement","Actes réglementaires | Lois, y compris constitutionnelles","Transmettre aux décideurs publics des informations, expertises dans un objectif de conviction",> = 800 000 euros et < 900 000 euros,True,False,0,52.38095238095238,28.1,True,True,False,False,False,False,0 - écarté,non,
fraudes,DVS26SYV,444628275,MUTUALITE FRANCAISE NORMANDIE,GROUP_PRO,FINANCE | EMPLOI | ENVIRONNEMENT | NUMERIQUE | SANTE | SPORTS,Santé,"PJL Fraudes : interdire le remboursement des actes et prestations prescrits par un professionnel de santé non conventionné
",2025,2025-01-01,2025-12-31,"Député, sénateur, collaborateur du Président de l'Assemblée nationale ou du Président du Sénat, d’un député, d'un sénateur ou d'un groupe parlementaire, agents des services des assemblées parlementaires","Lois, y compris constitutionnelles","Transmettre aux décideurs publics des informations, expertises dans un objectif de conviction | Transmettre des suggestions afin d'influencer la rédaction d'une décision publique",< 10 000 euros,True,False,0,51.041666666666664,27.8,True,True,True,True,False,True,1 - texte nommé,oui,
logement,EVJ68WT3,302979075,ORDRE DES AVOCATS A LA COUR DE PARIS,GROUP_PRO,CONSO | SECURITE | ECONOMIE | EDUCATION | EMPLOI | FINANCES | JUSTICE | NUMERIQUE | PUBLIC | PROREG | PROPINT | MIGRA | SOCIETE,Justice,"Supprimer, dans le cadre de la PPL Narcotrafic, le nouveau cas de présomption d’illicéité en matière de blanchiment déclenchée par le fait de ne pas répondre les formes exigées.",2025,2025-01-01,2025-12-31,"Député, sénateur, collaborateur du Président de l'Assemblée nationale ou du Président du Sénat, d’un député, d'un sénateur ou d'un groupe parlementaire, agents des services des assemblées parlementaires | Membre du Gouvernement ou membre de cabinet ministériel - Justice","Lois, y compris constitutionnelles","Organiser des discussions informelles ou des réunions en tête-à-tête | Transmettre aux décideurs publics des informations, expertises dans un objectif de conviction | Transmettre des suggestions afin d'influencer la rédaction d'une décision publique",> = 300 000 euros et < 400 000 euros,True,False,0,43.96551724137931,26.0,True,True,False,False,False,False,0 - écarté,non,
agriculture,LV19CDAH,413929803,MEDIATION & ARGUMENTS,JURISTE,CULTURE | CONSO | EDUCATION | ENERGIE | RECHERCHE | ENVIRONNEMENT | AMENAGEMENT | MEDIA | NUMERIQUE | SANTE | COM,Santé,Participer aux réflexions relatives au cadre applicable au secteur des services à la personne,2025,2025-01-01,2025-12-31,"Agent de l’État - Agent d’administration centrale de l’État | Député, sénateur, collaborateur du Président de l'Assemblée nationale ou du Président du Sénat, d’un député, d'un sénateur ou d'un groupe parlementaire, agents des services des assemblées parlementaires | Membre du Gouvernement ou membre de cabinet ministériel - Travail, emploi, formation professionnelle et dialogue social, Affaires sociales et santé, Economie et finances","Actes réglementaires | Lois, y compris constitutionnelles","Convenir pour un tiers d'une entrevue avec le titulaire d'une charge publique | Etablir une correspondance régulière (par courriel, par courrier…) | Organiser des discussions informelles ou des réunions en tête-à-tête | Transmettre aux décideurs publics des informations, expertises dans un objectif de conviction | Transmettre des suggestions afin d'influencer la rédaction d'une décision publique",> = 200 000 euros et < 300 000 euros,True,False,0,51.89873417721519,28.0,True,True,False,False,False,False,0 - écarté,non,
agriculture,SVFTG2UH,453150641,SYND NAT TRANS PROD NATUREL CULTURE BIO,GROUP_PRO,AGRI,"Agriculture, agroalimentaire","Instaurer, dans le cadre du projet de loi d’urgence agricole, une obligation de transparence sur la part de produits bio en grande distribution et en restauration commerciale à l’horizon 2030",2025,2025-07-01,2026-06-30,"Député, sénateur, collaborateur du Président de l'Assemblée nationale ou du Président du Sénat, d’un député, d'un sénateur ou d'un groupe parlementaire, agents des services des assemblées parlementaires | Membre du Gouvernement ou membre de cabinet ministériel - Agriculture, agroalimentaire et forêt, Economie et finances","Lois, y compris constitutionnelles","Envoyer des pétitions, lettres ouvertes, tracts | Etablir une correspondance régulière (par courriel, par courrier…) | Inviter ou organiser des évènements, des rencontres ou des activités promotionnelles | Organiser des discussions informelles ou des réunions en tête-à-tête | Organiser des débats publics, des marches, des stratégies d'influence sur internet | Transmettre aux décideurs publics des informations, expertises dans un objectif de conviction | Transmettre des suggestions afin d'influencer la rédaction d'une décision publique",> = 100 000 euros et < 200 000 euros,True,True,1,59.79381443298969,66.6,True,True,True,True,True,True,1 - texte nommé,oui,
agriculture,X3CZI2QV,501888325,UITS,GROUP_PRO,ECONOMIE | EMPLOI | ENERGIE | RECHERCHE | ENVIRONNEMENT,Economie | Environnement,PLF 2026 : soutenir la compétitivité de la filière des traitements de matériaux par le maintien du CIR et l’adaptation des redevances environnementales,2025,2025-01-01,2025-12-31,"Député, sénateur, collaborateur du Président de l'Assemblée nationale ou du Président du Sénat, d’un député, d'un sénateur ou d'un groupe parlementaire, agents des services des assemblées parlementaires | Membre du Gouvernement ou membre de cabinet ministériel - Economie et finances","Lois, y compris constitutionnelles","Convenir pour un tiers d'une entrevue avec le titulaire d'une charge publique | Transmettre aux décideurs publics des informations, expertises dans un objectif de conviction | Transmettre des suggestions afin d'influencer la rédaction d'une décision publique",> = 10 000 euros et < 25 000 euros,True,True,1,40.57971014492754,61.8,True,True,False,False,True,False,2 - voisinage thématique,non,PLF 2026
logement,A3YUEGWV,521433128,SAMMAN CABINET D'AVOCATS,JURISTE,AGRI | FINANCE | COMMERCE | CONSO | SECURITE | ECONOMIE | EDUCATION | EMPLOI | ENERGIE | RECHERCHE | FINANCES | ENVIRONNEMENT | AMENAGEMENT | MEDIA | NUMERIQUE | PROPINT | SANTE | SPORTS | COM | TRANSPORTS,"Economie | Emploi, solidarité",Sensibiliser aux enjeux de l'ESS et à la nécessité de mettre en place des mesures pour favoriser le développement et la pérennité des entreprises,2025,2025-01-01,2025-12-31,"Collaborateur du Président de la République | Député, sénateur, collaborateur du Président de l'Assemblée nationale ou du Président du Sénat, d’un député, d'un sénateur ou d'un groupe parlementaire, agents des services des assemblées parlementaires | Membre du Gouvernement ou membre de cabinet ministériel - Premier ministre, Travail, emploi, formation professionnelle et dialogue social, Economie et finances","Lois, y compris constitutionnelles","Etablir une correspondance régulière (par courriel, par courrier…) | Organiser des discussions informelles ou des réunions en tête-à-tête | Transmettre des suggestions afin d'influencer la rédaction d'une décision publique",> = 1 250 000 euros et < 1 500 000 euros,True,False,0,44.8780487804878,26.2,True,True,False,False,False,False,0 - écarté,non,
agriculture,Y3KF7TTH,432446649,FRANCE RENOUVELABLES,ORG_NO_GOUV,SECURITE | ECONOMIE | ENERGIE | RECHERCHE | FINANCES | ENVIRONNEMENT | AMENAGEMENT,"Agriculture, agroalimentaire | Energie",PJL Souveraineté agricole : S’assurer que le développement des énergies renouvelables s’opère dans des conditions garantissant un accès équitable entre les exploitants agricoles.,2025,2025-01-01,2025-12-31,"Député, sénateur, collaborateur du Président de l'Assemblée nationale ou du Président du Sénat, d’un député, d'un sénateur ou d'un groupe parlementaire, agents des services des assemblées parlementaires | Membre du Gouvernement ou membre de cabinet ministériel - Agriculture, agroalimentaire et forêt, Environnement, énergie et mer","Lois, y compris constitutionnelles","Transmettre aux décideurs publics des informations, expertises dans un objectif de conviction",> = 300 000 euros et < 400 000 euros,True,True,1,48.888888888888886,63.9,True,True,True,True,True,True,1 - texte nommé,oui,
agriculture,Y3G7DBZV,784855876,FEDERATION ENTREP COMMERCE DISTRIBUTION,GROUP_PRO,AGRI | CONSO | ECONOMIE | EDUCATION | EMPLOI | FINANCES | ENVIRONNEMENT | AMENAGEMENT | MEDIA | NUMERIQUE | TRANSPORTS,Economie | Finances publiques | Environnement,PLF 2026 : supprimer la taxe plastique proposée par le Gouvernement,2025,2025-01-01,2025-12-31,"Député, sénateur, collaborateur du Président de l'Assemblée nationale ou du Président du Sénat, d’un député, d'un sénateur ou d'un groupe parlementaire, agents des services des assemblées parlementaires | Membre du Gouvernement ou membre de cabinet ministériel - Premier ministre, Economie et finances","Lois, y compris constitutionnelles","Organiser des discussions informelles ou des réunions en tête-à-tête | Transmettre aux décideurs publics des informations, expertises dans un objectif de conviction | Transmettre des suggestions afin d'influencer la rédaction d'une décision publique",> = 800 000 euros et < 900 000 euros,True,True,0,45.11278195488722,51.3,True,True,False,False,False,False,0 - écarté,non,
agriculture,Y3G795RV,302664784,ASS NATIONALE IND. AGRO ALIMENTAIRES,ORG_NO_GOUV,AGRI | COMMERCE | CONSO | ECONOMIE | EMPLOI | ENERGIE | FINANCES | ENVIRONNEMENT | OUTREMER | SANTE,"Agriculture, agroalimentaire | Economie | Energie",PLF 2026 : Tarif réduit pour les entreprises de l'agroalimentaire sur les assises de l'électricité,2025,2025-01-01,2025-12-31,"Collaborateur du Président de la République | Député, sénateur, collaborateur du Président de l'Assemblée nationale ou du Président du Sénat, d’un député, d'un sénateur ou d'un groupe parlementaire, agents des services des assemblées parlementaires | Membre du Gouvernement ou membre de cabinet ministériel - Premier ministre, Agriculture, agroalimentaire et forêt, Economie et finances, Environnement, énergie et mer","Lois, y compris constitutionnelles","Etablir une correspondance régulière (par courriel, par courrier…) | Organiser des discussions informelles ou des réunions en tête-à-tête | Transmettre aux décideurs publics des informations, expertises dans un objectif de conviction | Transmettre des suggestions afin d'influencer la rédaction d'une décision publique",> = 300 000 euros et < 400 000 euros,True,True,1,45.16129032258065,63.0,True,True,False,False,True,False,2 - voisinage thématique,non,PLF 2026
logement,0V5XZ8SH,784669004,FEDERATION DES PROMOTEURS IMMOBILIERS D'ILE DE FRANCE,GROUP_PRO,AMENAGEMENT,"Construction, logement, aménagement du territoire",Rencontre avec Vincent JEANBRUN au salon RENT pour échanger sur la conjoncture et influencer sur le statut du bailleur privé,2025,2025-01-01,2025-12-31,Agent de l’État - Agent d’un service déconcentré de l’État | Membre du Gouvernement ou membre de cabinet ministériel - Logement,"Autres décisions publiques | Lois, y compris constitutionnelles","Transmettre aux décideurs publics des informations, expertises dans un objectif de conviction | Transmettre des suggestions afin d'influencer la rédaction d'une décision publique",> = 25 000 euros et < 50 000 euros,True,True,1,46.63212435233161,63.3,True,True,False,False,True,False,2 - voisinage thématique,incertain,"statut du bailleur privé : proche du sujet, texte non nommé"
fraudes,A3YUMTTV,304426240,FEDERATION NATIONALE MUTUALITE FRANCAISE,GROUP_PRO,FINANCE | EMPLOI | ENTREPRISE | PUBLIC | SANTE,"Banques, assurances, secteur financier | Santé",PJL Fraudes : autoriser la suspension de tiers payant complémentaire pour les assurés condamnés pour fraude,2025,2025-01-01,2025-12-31,"Agent de l’État - Agent d’administration centrale de l’État | Collaborateur du Président de la République | Député, sénateur, collaborateur du Président de l'Assemblée nationale ou du Président du Sénat, d’un député, d'un sénateur ou d'un groupe parlementaire, agents des services des assemblées parlementaires | Membre du Gouvernement ou membre de cabinet ministériel - Premier ministre, Affaires sociales et santé | Titulaire d'un emploi à la décision du Gouvernement","Lois, y compris constitutionnelles","Etablir une correspondance régulière (par courriel, par courrier…) | Organiser des discussions informelles ou des réunions en tête-à-tête | Transmettre aux décideurs publics des informations, expertises dans un objectif de conviction | Transmettre des suggestions afin d'influencer la rédaction d'une décision publique",> = 900 000 euros et < 1 000 000 euros,True,True,0,52.325581395348834,53.1,True,True,True,True,False,True,1 - texte nommé,oui,
agriculture,5HAS8UXH,542097522,CA CONSUMER FINANCE,ENTREPRISE,FINANCE | CONSO | JUSTICE | NUMERIQUE | TRANSPORTS,"Banques, assurances, secteur financier | Emploi, solidarité",Promouvoir les solutions de financements pour l'adaptation du logement au bien vieillir chez soi et au handicap ; Solliciter des aides publiques pour soutenir ce marché,2025,2025-01-01,2025-12-31,Membre du Gouvernement ou membre de cabinet ministériel - Autres : à préciser,"Lois, y compris constitutionnelles",Organiser des discussions informelles ou des réunions en tête-à-tête,> = 100 000 euros et < 200 000 euros,True,False,0,39.823008849557525,25.0,True,True,False,False,False,False,0 - écarté,non,
agriculture,5HASCGKH,775021702,FEDERAT DEP SYNDIC EXPLOITANTS AGRICOLES,GROUP_PRO,AGRI | CONSO | ECONOMIE | EMPLOI | FINANCES | ENVIRONNEMENT,"Agriculture, agroalimentaire",Obtenir une dérogation pour l’irrigation des fourrages ,2025,2025-01-01,2025-12-31,"Agent de l’État - Agent d’un établissement public administratif de l’État, Agent d’administration centrale de l’État","Lois, y compris constitutionnelles",Transmettre des suggestions afin d'influencer la rédaction d'une décision publique,> = 10 000 euros et < 25 000 euros,True,True,1,47.540983606557376,63.6,True,True,False,False,True,False,2 - voisinage thématique,incertain,"irrigation : plausible, texte non nommé"
fraudes,LV14W80V,444628275,MUTUALITE FRANCAISE NORMANDIE,GROUP_PRO,FINANCE | EMPLOI | ENVIRONNEMENT | NUMERIQUE | SANTE | SPORTS,Santé,"PJL Fraudes : supprimer la restriction des données transmises
",2025,2025-01-01,2025-12-31,"Député, sénateur, collaborateur du Président de l'Assemblée nationale ou du Président du Sénat, d’un député, d'un sénateur ou d'un groupe parlementaire, agents des services des assemblées parlementaires","Lois, y compris constitutionnelles","Transmettre aux décideurs publics des informations, expertises dans un objectif de conviction | Transmettre des suggestions afin d'influencer la rédaction d'une décision publique",< 10 000 euros,True,False,0,51.908396946564885,28.0,True,True,True,True,False,True,1 - texte nommé,oui,
fraudes,LV14EELV,304426240,FEDERATION NATIONALE MUTUALITE FRANCAISE,GROUP_PRO,FINANCE | EMPLOI | ENTREPRISE | PUBLIC | SANTE,Santé,PJL Fraudes : supprimer la restriction des données transmises,2025,2025-01-01,2025-12-31,"Agent de l’État - Agent d’administration centrale de l’État | Collaborateur du Président de la République | Député, sénateur, collaborateur du Président de l'Assemblée nationale ou du Président du Sénat, d’un député, d'un sénateur ou d'un groupe parlementaire, agents des services des assemblées parlementaires | Membre du Gouvernement ou membre de cabinet ministériel - Affaires sociales et santé | Titulaire d'un emploi à la décision du Gouvernement","Actes réglementaires | Lois, y compris constitutionnelles","Etablir une correspondance régulière (par courriel, par courrier…) | Organiser des discussions informelles ou des réunions en tête-à-tête | Transmettre aux décideurs publics des informations, expertises dans un objectif de conviction | Transmettre des suggestions afin d'influencer la rédaction d'une décision publique",> = 900 000 euros et < 1 000 000 euros,True,False,0,51.908396946564885,28.0,True,True,True,True,False,True,1 - texte nommé,oui,
agriculture,C34WRCUV,784854937,FEDE NAT SYNDIC EXPL AGRICOLE,GROUP_PRO,AGRI | CONSO | EMPLOI | ENERGIE | FINANCES | ENVIRONNEMENT,"Agriculture, agroalimentaire | Economie | Emploi, solidarité",Projet de loi de simplification de la vie économique : présenter la position du secteur agricole quant aux simplifications nécessaires au métier d'agriculteur,2025,2025-01-01,2025-12-31,"Député, sénateur, collaborateur du Président de l'Assemblée nationale ou du Président du Sénat, d’un député, d'un sénateur ou d'un groupe parlementaire, agents des services des assemblées parlementaires","Lois, y compris constitutionnelles","Organiser des discussions informelles ou des réunions en tête-à-tête | Transmettre aux décideurs publics des informations, expertises dans un objectif de conviction",> = 800 000 euros et < 900 000 euros,True,True,1,50.23255813953488,64.2,True,True,False,False,True,False,2 - voisinage thématique,non,PJL simplification de la vie économique
logement,C34WWZIV,390997419,FEDERATION DU BTP DU FINISTERE - 29,GROUP_PRO,ECONOMIE | EMPLOI | ENVIRONNEMENT | AMENAGEMENT,"Construction, logement, aménagement du territoire",Obtenir une exonération des donations faites en faveur de l'acquisition d'un logement neuf jusqu'à 150000 euros par parent dans la loi de Finances 2025,2025,2025-01-01,2025-12-31,"Député, sénateur, collaborateur du Président de l'Assemblée nationale ou du Président du Sénat, d’un député, d'un sénateur ou d'un groupe parlementaire, agents des services des assemblées parlementaires","Lois, y compris constitutionnelles",Transmettre des suggestions afin d'influencer la rédaction d'une décision publique,,True,True,1,47.963800904977376,63.7,True,True,False,False,True,False,2 - voisinage thématique,non,loi de finances 2025
fraudes,Y3G7X1BV,538571530,FORWARD PARTNERS,JURISTE,COMMERCE | ECONOMIE | EDUCATION | FINANCES | NUMERIQUE | SANTE | SPORTS | TRANSPORTS,Economie,"PJL fraude : autoriser les policiers municipaux, sous l’autorité d’un OPJ, à saisir le tabac détenu ou vendu illégalement sur la voie publique ou dans les lieux ouverts au public.",2025,2025-01-01,2025-12-31,"Député, sénateur, collaborateur du Président de l'Assemblée nationale ou du Président du Sénat, d’un député, d'un sénateur ou d'un groupe parlementaire, agents des services des assemblées parlementaires","Lois, y compris constitutionnelles",Transmettre des suggestions afin d'influencer la rédaction d'une décision publique,> = 75 000 euros et < 100 000 euros,True,False,0,40.1673640167364,25.0,True,True,True,True,False,True,1 - texte nommé,oui,
agriculture,EVJ6O6F3,539631127,FEDERATION DES SYNDICATS D'EXPLOITANTS AGRICOLES DES SAVOIE,ORG_NO_GOUV,AGRI,"Agriculture, agroalimentaire",Vote du PLF 2026 – Soutien indispensable aux éleveurs touchés par la DNC,2025,2025-10-01,2026-09-30,"Député, sénateur, collaborateur du Président de l'Assemblée nationale ou du Président du Sénat, d’un député, d'un sénateur ou d'un groupe parlementaire, agents des services des assemblées parlementaires","Lois, y compris constitutionnelles","Envoyer des pétitions, lettres ouvertes, tracts",,True,True,1,42.028985507246375,62.2,True,True,False,False,True,False,2 - voisinage thématique,non,PLF 2026
agriculture,SVFTZZ8H,784668402,CONFEDE. NATIONALE BOULANGERS PATISSIERS,GROUP_PRO,AGRI | CONSO | ECONOMIE | EMPLOI,"Emploi, solidarité",Permettre aux salariés du secteur de la boulangerie de pouvoir travailler le 1er mai,2025,2025-01-01,2025-12-31,"Député, sénateur, collaborateur du Président de l'Assemblée nationale ou du Président du Sénat, d’un député, d'un sénateur ou d'un groupe parlementaire, agents des services des assemblées parlementaires","Lois, y compris constitutionnelles","Organiser des discussions informelles ou des réunions en tête-à-tête | Transmettre aux décideurs publics des informations, expertises dans un objectif de conviction",> = 25 000 euros et < 50 000 euros,True,False,0,49.66442953020134,27.4,True,True,False,False,False,False,0 - écarté,non,
logement,0VESA2DH,784668618,MOUVEMENT DES ENTREPRISES DE FRANCE,GROUP_PRO,AGRI | FINANCE | COMMERCE | CONSO | ECONOMIE | EDUCATION | EMPLOI | ENERGIE | RECHERCHE | FINANCES | ENTREPRISE | ENVIRONNEMENT | JUSTICE | AMENAGEMENT | NUMERIQUE | OUTREMER | PUBLIC | PROREG | PROPINT | MIGRA | SANTE | SPORTS | COM | TRANSPORTS | AERONOSP | RESOURNAT,"Transports, logistique | Finances publiques",Réforme du financement des mobilités: Proposer de diversifier les sources de financement des AOM régionales et urbaines,2025,2025-01-01,2025-12-31,Élu ou membre de cabinet d'une collectivité territoriale - Conseil régional d'Occitanie,"Lois, y compris constitutionnelles",Organiser des discussions informelles ou des réunions en tête-à-tête,> = 3 500 000 euros et < 3 750 000 euros,True,False,0,47.674418604651166,26.9,True,True,False,False,False,False,0 - écarté,non,
defense,JVDF25YH,307330845,SYND NATION INDUST TECHNOL MEDICALES,GROUP_PRO,ECONOMIE | EDUCATION | RECHERCHE | FINANCES | ENVIRONNEMENT | NUMERIQUE | PUBLIC | SANTE,Santé,PLFSS pour 2026 : Accélérer l’accès des innovations aux patients en imposant un délai unique à la HAS pour tous les demandeurs de création d'acte médico-chirurgical,2025,2025-01-01,2025-12-31,"Député, sénateur, collaborateur du Président de l'Assemblée nationale ou du Président du Sénat, d’un député, d'un sénateur ou d'un groupe parlementaire, agents des services des assemblées parlementaires","Lois, y compris constitutionnelles","Transmettre aux décideurs publics des informations, expertises dans un objectif de conviction | Transmettre des suggestions afin d'influencer la rédaction d'une décision publique",> = 500 000 euros et < 600 000 euros,True,False,0,48.96551724137931,27.2,True,True,False,False,False,False,0 - écarté,non,
agriculture,YVNWL9RV,894289990,ECOLOGIC COMING OUT,JURISTE,AGRI | CONSO | ECONOMIE | ENVIRONNEMENT | AMENAGEMENT | MEDIA | PUBLIC | SANTE | SOCIETE | TRANSPORTS | RESOURNAT,"Agriculture, agroalimentaire | Santé",Intégrer l'agriculture bio comme critère de préservation des aires de captage en eau dans le cadre du PJL urgence agricole,2025,2025-04-01,2026-03-31,"Député, sénateur, collaborateur du Président de l'Assemblée nationale ou du Président du Sénat, d’un député, d'un sénateur ou d'un groupe parlementaire, agents des services des assemblées parlementaires | Membre du Gouvernement ou membre de cabinet ministériel - Agriculture, agroalimentaire et forêt, Environnement, énergie et mer","Lois, y compris constitutionnelles","Convenir pour un tiers d'une entrevue avec le titulaire d'une charge publique | Envoyer des pétitions, lettres ouvertes, tracts | Etablir une correspondance régulière (par courriel, par courrier…) | Organiser des auditions, des consultations formelles sur des actes législatifs ou d'autres consultations ouvertes | Organiser des discussions informelles ou des réunions en tête-à-tête | Organiser des débats publics, des marches, des stratégies d'influence sur internet | Transmettre aux décideurs publics des informations, expertises dans un objectif de conviction | Transmettre des suggestions afin d'influencer la rédaction d'une décision publique",> = 50 000 euros et < 75 000 euros,True,True,2,48.1283422459893,75.4,True,True,True,True,True,True,1 - texte nommé,oui,
agriculture,0VESZGIH,908936438,CORIOLINK AFFAIRES PUBLIQUES,JURISTE,AGRI | FINANCE | CONSO | ECONOMIE | EMPLOI | ENVIRONNEMENT | AMENAGEMENT | PROREG | SANTE | TRANSPORTS,"Agriculture, agroalimentaire","Rédaction et portage de positions sectorielles relatives aux évolutions législatives en matière agricole et alimentaire, notamment dans le cadre des réflexions autour de la loi d’urgence agricole",2025,2025-01-01,2025-12-31,"Député, sénateur, collaborateur du Président de l'Assemblée nationale ou du Président du Sénat, d’un député, d'un sénateur ou d'un groupe parlementaire, agents des services des assemblées parlementaires | Membre du Gouvernement ou membre de cabinet ministériel - Agriculture, agroalimentaire et forêt","Lois, y compris constitutionnelles","Convenir pour un tiers d'une entrevue avec le titulaire d'une charge publique | Etablir une correspondance régulière (par courriel, par courrier…) | Organiser des discussions informelles ou des réunions en tête-à-tête | Transmettre aux décideurs publics des informations, expertises dans un objectif de conviction",> = 10 000 euros et < 25 000 euros,True,True,1,48.888888888888886,63.9,True,True,True,True,True,True,1 - texte nommé,oui,
agriculture,QV7TEQLH,777621434,UNION DES ENTREPRISES DU FINISTERE,ORG_NO_GOUV,AGRI | ECONOMIE | EDUCATION | EMPLOI | ENERGIE | RECHERCHE | FINANCES | ENVIRONNEMENT | AMENAGEMENT | PROREG | TRANSPORTS,"Economie | Emploi, solidarité",Demande de soutien aux entreprises de la filière pêche impactées par les restrictions en vigueur,2025,2025-01-01,2025-12-31,Titulaire d'un emploi à la décision du Gouvernement | Élu ou membre de cabinet d'une collectivité territoriale - Conseil départemental du Finistère,"Lois, y compris constitutionnelles","Organiser des discussions informelles ou des réunions en tête-à-tête | Transmettre aux décideurs publics des informations, expertises dans un objectif de conviction | Transmettre des suggestions afin d'influencer la rédaction d'une décision publique",< 10 000 euros,True,False,2,48.4472049689441,50.4,True,True,False,False,True,False,2 - voisinage thématique,non,pas de véhicule législatif identifié
fraudes,GVT1PDD3,333645034,UNION REG MUTUALITE FRANCAISE REG CENTRE,GROUP_PRO,FINANCE | EMPLOI | SANTE,"Emploi, solidarité | Santé","PJL Fraudes : prévoir la notification de la décision de suspension des indemnités journalières pour arrêt de travail frauduleux
",2025,2025-01-01,2025-12-31,"Député, sénateur, collaborateur du Président de l'Assemblée nationale ou du Président du Sénat, d’un député, d'un sénateur ou d'un groupe parlementaire, agents des services des assemblées parlementaires","Lois, y compris constitutionnelles","Etablir une correspondance régulière (par courriel, par courrier…) | Organiser des discussions informelles ou des réunions en tête-à-tête",< 10 000 euros,True,False,0,51.06382978723404,27.8,True,True,True,True,False,True,1 - texte nommé,oui,
logement,X3CZY1BV,572015246,BOUYGUES,ENTREPRISE,ENERGIE | AMENAGEMENT | MEDIA | COM,"Construction, logement, aménagement du territoire",Demander des mesures fiscales et budgétaires pour lutter contre l'aggravation de la crise immobilière et relancer l'investissement locatif,2025,2025-01-01,2025-12-31,"Député, sénateur, collaborateur du Président de l'Assemblée nationale ou du Président du Sénat, d’un député, d'un sénateur ou d'un groupe parlementaire, agents des services des assemblées parlementaires | Membre du Gouvernement ou membre de cabinet ministériel - Aménagement du territoire, ruralité et collectivités territoriales","Lois, y compris constitutionnelles",Organiser des discussions informelles ou des réunions en tête-à-tête,> = 600 000 euros et < 700 000 euros,True,True,1,48.54368932038835,63.8,True,True,False,False,True,False,2 - voisinage thématique,incertain,"crise immobilière en général, texte non nommé"
agriculture,UHQ1DSLV,542084454,COMPAGNIE DES GAZ DE PETROLE PRIMAGAZ,ENTREPRISE,ENERGIE,Energie | Environnement,Demande de plafonnement de la part variable des accises sur l'énergie pour le GPL pour tenir compte des contraintes énergétiques en milieu rural dans le cadre du PLF pour 2026,2025,2025-01-01,2025-12-31,"Député, sénateur, collaborateur du Président de l'Assemblée nationale ou du Président du Sénat, d’un député, d'un sénateur ou d'un groupe parlementaire, agents des services des assemblées parlementaires","Lois, y compris constitutionnelles",Organiser des discussions informelles ou des réunions en tête-à-tête,> = 200 000 euros et < 300 000 euros,False,True,0,39.46188340807175,34.9,True,True,False,False,False,False,0 - écarté,non,
fraudes,O3WISRKH,922116009,STRATEGIES & PUBLICS,JURISTE,AGRI | FINANCE | COMMERCE | CONSO | SECURITE | ECONOMIE | ENERGIE | FINANCES | ENVIRONNEMENT | AMENAGEMENT | NUMERIQUE | PUBLIC | SPORTS | TRANSPORTS,Energie,PJL Fraudes sociales et fiscales : renforcer le dispositif de lutte contre la fraude au compteur d'électricité par l'introduction dans la loi d'un mécanisme de contravention pénale.,2025,2025-01-01,2025-12-31,"Député, sénateur, collaborateur du Président de l'Assemblée nationale ou du Président du Sénat, d’un député, d'un sénateur ou d'un groupe parlementaire, agents des services des assemblées parlementaires","Lois, y compris constitutionnelles",Transmettre des suggestions afin d'influencer la rédaction d'une décision publique,< 10 000 euros,True,False,0,82.92682926829268,35.7,True,True,True,True,False,True,1 - texte nommé,oui,
agriculture,W3UNX54V,349047373,FÉDÉRATION DES ACTEURS DU COMMERCE DANS LES TERRITOIRES,GROUP_PRO,ECONOMIE | ENERGIE | FINANCES | ENVIRONNEMENT | JUSTICE | AMENAGEMENT | PUBLIC,"Economie | Construction, logement, aménagement du territoire | Energie | Environnement",Inscrire dans la loi de simplification du droit de l’urbanisme et du logement la redéfinition de la surface d’assujettissement de la couverture des parkings en panneaux photovoltaïques ,2025,2025-01-01,2025-12-31,"Agent de l’État - Agent d’administration centrale de l’État | Député, sénateur, collaborateur du Président de l'Assemblée nationale ou du Président du Sénat, d’un député, d'un sénateur ou d'un groupe parlementaire, agents des services des assemblées parlementaires | Membre du Gouvernement ou membre de cabinet ministériel - Economie et finances","Lois, y compris constitutionnelles","Transmettre aux décideurs publics des informations, expertises dans un objectif de conviction | Transmettre des suggestions afin d'influencer la rédaction d'une décision publique",> = 400 000 euros et < 500 000 euros,True,True,0,44.15584415584416,51.0,True,True,False,False,False,False,0 - écarté,non,
agriculture,OHZUBJ2V,H928889327,SYNGEV,ORG_NO_GOUV,AGRI | ECONOMIE | PROREG,"Agriculture, agroalimentaire | Entreprises et professions libérales",PJL Agricole : soutenir la création d'une nouvelle école vétérinaire publique,2025,2025-01-01,2025-12-31,"Député, sénateur, collaborateur du Président de l'Assemblée nationale ou du Président du Sénat, d’un député, d'un sénateur ou d'un groupe parlementaire, agents des services des assemblées parlementaires | Membre du Gouvernement ou membre de cabinet ministériel - Premier ministre, Agriculture, agroalimentaire et forêt","Autres décisions publiques | Lois, y compris constitutionnelles","Organiser des discussions informelles ou des réunions en tête-à-tête | Transmettre aux décideurs publics des informations, expertises dans un objectif de conviction | Transmettre des suggestions afin d'influencer la rédaction d'une décision publique",< 10 000 euros,True,True,1,55.94405594405595,65.7,True,True,False,False,True,False,2 - voisinage thématique,oui,"nomme « PJL Agricole » : abréviation absente de la liste d'alias, faux négatif du niveau 1"
logement,JVDF77SH,784668618,MOUVEMENT DES ENTREPRISES DE FRANCE,GROUP_PRO,AGRI | FINANCE | COMMERCE | CONSO | ECONOMIE | EDUCATION | EMPLOI | ENERGIE | RECHERCHE | FINANCES | ENTREPRISE | ENVIRONNEMENT | JUSTICE | AMENAGEMENT | NUMERIQUE | OUTREMER | PUBLIC | PROREG | PROPINT | MIGRA | SANTE | SPORTS | COM | TRANSPORTS | AERONOSP | RESOURNAT,"Emploi, solidarité | Finances publiques",PLFSS 2026 : faire valoir la position du Medef sur les allègements généraux de cotisations patronales,2025,2025-01-01,2025-12-31,"Député, sénateur, collaborateur du Président de l'Assemblée nationale ou du Président du Sénat, d’un député, d'un sénateur ou d'un groupe parlementaire, agents des services des assemblées parlementaires","Lois, y compris constitutionnelles","Transmettre aux décideurs publics des informations, expertises dans un objectif de conviction | Transmettre des suggestions afin d'influencer la rédaction d'une décision publique",> = 3 500 000 euros et < 3 750 000 euros,True,False,0,46.51162790697674,26.6,True,True,False,False,False,False,0 - écarté,non,
fraudes,YVIFOC2V,303215016,CONFEDERATION DES PETITES ET MOYENNES ENTREPRISES,GROUP_PRO,ECONOMIE | EDUCATION | EMPLOI | FINANCES | ENVIRONNEMENT | NUMERIQUE,Economie | Entreprises et professions libérales,PJL fraudes sociales & fiscales - Défendre et promouvoir les intérêts des TPE-PME ,2025,2025-01-01,2025-12-31,"Député, sénateur, collaborateur du Président de l'Assemblée nationale ou du Président du Sénat, d’un député, d'un sénateur ou d'un groupe parlementaire, agents des services des assemblées parlementaires","Lois, y compris constitutionnelles","Etablir une correspondance régulière (par courriel, par courrier…) | Organiser des discussions informelles ou des réunions en tête-à-tête | Transmettre aux décideurs publics des informations, expertises dans un objectif de conviction | Transmettre des suggestions afin d'influencer la rédaction d'une décision publique",> = 100 000 euros et < 200 000 euros,True,True,0,67.11409395973155,56.8,True,True,True,True,False,True,1 - texte nommé,oui,
fraudes,6VBQNS4V,538571530,FORWARD PARTNERS,JURISTE,COMMERCE | ECONOMIE | EDUCATION | FINANCES | NUMERIQUE | SANTE | SPORTS | TRANSPORTS,Economie,"PJL fraude : hausse des amendes pour infractions douanières liées au tabac, jusqu’à 10 % du CA mondial pour les entreprises et 500 000 € pour les particuliers (doublé en récidive)",2025,2025-01-01,2025-12-31,"Député, sénateur, collaborateur du Président de l'Assemblée nationale ou du Président du Sénat, d’un député, d'un sénateur ou d'un groupe parlementaire, agents des services des assemblées parlementaires","Lois, y compris constitutionnelles",Transmettre des suggestions afin d'influencer la rédaction d'une décision publique,> = 75 000 euros et < 100 000 euros,True,False,0,42.10526315789474,25.5,True,True,True,True,False,True,1 - texte nommé,oui,
agriculture,0VESY6FH,481986446,AUCHAN RETAIL FRANCE,ENTREPRISE,AGRI | CONSO | ECONOMIE | EMPLOI | FINANCES | ENVIRONNEMENT | AMENAGEMENT,Economie | Finances publiques,Contribuer à la proposition de loi Reitman visant à réduire les retards de paiement.,2025,2025-01-01,2025-12-31,"Collaborateur du Président de la République | Député, sénateur, collaborateur du Président de l'Assemblée nationale ou du Président du Sénat, d’un député, d'un sénateur ou d'un groupe parlementaire, agents des services des assemblées parlementaires","Lois, y compris constitutionnelles","Transmettre aux décideurs publics des informations, expertises dans un objectif de conviction",> = 200 000 euros et < 300 000 euros,True,False,0,53.42465753424658,28.4,True,True,False,False,False,False,0 - écarté,non,
agriculture,0VESDZXH,381436666,L'ALLIANCE 7,GROUP_PRO,AGRI | COMMERCE | CONSO | EMPLOI | FINANCES | ENVIRONNEMENT | SANTE,"Agriculture, agroalimentaire",Confiseurs de France : Invitation à un événement dédié à l'attractivité de la confiserie et la compétitivité de la filière à l'export,2025,2025-01-01,2025-12-31,"Agent de l’État - Agent d’administration centrale de l’État | Député, sénateur, collaborateur du Président de l'Assemblée nationale ou du Président du Sénat, d’un député, d'un sénateur ou d'un groupe parlementaire, agents des services des assemblées parlementaires | Membre du Gouvernement ou membre de cabinet ministériel - Premier ministre, Agriculture, agroalimentaire et forêt, Travail, emploi, formation professionnelle et dialogue social, Economie et finances","Autres décisions publiques | Lois, y compris constitutionnelles","Inviter ou organiser des évènements, des rencontres ou des activités promotionnelles",> = 400 000 euros et < 500 000 euros,True,True,1,44.19889502762431,62.7,True,True,False,False,True,False,2 - voisinage thématique,non,événement de relations publiques
agriculture,QV7TZYSH,180070047,CHAMBRES D'AGRICULTURE FRANCE,GROUP_PRO,AGRI | ENERGIE | ENVIRONNEMENT | OUTREMER,"Agriculture, agroalimentaire",PLF 2026 : maintenir le budget dédié à l’enveloppe Animation des Mesures environnementales et climatiques (MAEC) et aides à l’agriculture biologique à son montant de 2025,2025,2025-01-01,2025-12-31,"Député, sénateur, collaborateur du Président de l'Assemblée nationale ou du Président du Sénat, d’un député, d'un sénateur ou d'un groupe parlementaire, agents des services des assemblées parlementaires | Membre du Gouvernement ou membre de cabinet ministériel - Agriculture, agroalimentaire et forêt","Actes réglementaires | Lois, y compris constitutionnelles","Etablir une correspondance régulière (par courriel, par courrier…) | Organiser des discussions informelles ou des réunions en tête-à-tête | Transmettre aux décideurs publics des informations, expertises dans un objectif de conviction | Transmettre des suggestions afin d'influencer la rédaction d'une décision publique",> = 200 000 euros et < 300 000 euros,True,True,1,39.111111111111114,61.4,True,True,False,False,True,False,2 - voisinage thématique,non,PLF 2026
logement,Y3K4PPYH,450089107,ANTHENOR PUBLIC AFFAIRS,JURISTE,AGRI | CULTURE | FINANCE | COMMERCE | CONSO | SECURITE | ECONOMIE | EDUCATION | EMPLOI | ENERGIE | RECHERCHE | FINANCES | ENVIRONNEMENT | AMENAGEMENT | MEDIA | NUMERIQUE | PROREG | SANTE | SOCIETE | SPORTS | COM | TRANSPORTS | AERONOSP | RESOURNAT,"Construction, logement, aménagement du territoire",PLF 2026 : Préserver les financements alloués à l'isolation dans les aides à la rénovation énergétique,2025,2025-01-01,2025-12-31,"Député, sénateur, collaborateur du Président de l'Assemblée nationale ou du Président du Sénat, d’un député, d'un sénateur ou d'un groupe parlementaire, agents des services des assemblées parlementaires | Membre du Gouvernement ou membre de cabinet ministériel - Premier ministre, Logement, Economie et finances, Environnement, énergie et mer | Titulaire d'un emploi à la décision du Gouvernement","Actes réglementaires | Autres décisions publiques | Lois, y compris constitutionnelles","Convenir pour un tiers d'une entrevue avec le titulaire d'une charge publique | Transmettre aux décideurs publics des informations, expertises dans un objectif de conviction | Transmettre des suggestions afin d'influencer la rédaction d'une décision publique",< 10 000 euros,True,True,1,50.29940119760479,64.2,True,True,False,False,True,False,2 - voisinage thématique,non,PLF 2026
agriculture,BHOEBCA3,502999626,BOURY TALLON & ASSOCIES,JURISTE,ECONOMIE | FINANCES | ENVIRONNEMENT | NUMERIQUE | SANTE,Numérique | Société,Protection de l'enfance: Promouvoir des expériences en ligne adaptées à l’âge des utilisateurs et placer la responsabilité de la protection au niveau de chaque application ou site,2025,2025-04-01,2026-03-31,"Agent de l’État - Agent d’administration centrale de l’État | Collaborateur du Président de la République | Directeur ou secrétaire général, ou leur adjoint, ou membre du collège ou d'une commission des sanctions d'une autorité administrative ou publique indépendante - Autorité de régulation de la communication audiovisuelle et numérique | Député, sénateur, collaborateur du Président de l'Assemblée nationale ou du Président du Sénat, d’un député, d'un sénateur ou d'un groupe parlementaire, agents des services des assemblées parlementaires | Membre du Gouvernement ou membre de cabinet ministériel - Premier ministre, Famille, enfance et droits des femmes, Culture et communication, Economie et finances","Autres décisions publiques | Lois, y compris constitutionnelles","Etablir une correspondance régulière (par courriel, par courrier…) | Inviter ou organiser des évènements, des rencontres ou des activités promotionnelles | Organiser des discussions informelles ou des réunions en tête-à-tête",< 10 000 euros,True,False,0,46.36363636363637,26.6,True,True,False,False,False,False,0 - écarté,non,
logement,X3CZQYOV,529759268,INDUSTRIES DU GENIE NUMERIQUE ENERGETIQUE ET SECURITAIRE,GROUP_PRO,ENERGIE | ENVIRONNEMENT | AMENAGEMENT | NUMERIQUE,"Construction, logement, aménagement du territoire | Energie | Environnement",Confort d'été - Mieux intégrer le confort d'été dans les politiques de construction et de rénovation énergétique,2025,2025-01-01,2025-12-31,"Agent de l’État - Agent d’administration centrale de l’État | Député, sénateur, collaborateur du Président de l'Assemblée nationale ou du Président du Sénat, d’un député, d'un sénateur ou d'un groupe parlementaire, agents des services des assemblées parlementaires | Membre du Gouvernement ou membre de cabinet ministériel - Logement, Environnement, énergie et mer","Actes réglementaires | Décisions d'espèce | Lois, y compris constitutionnelles","Etablir une correspondance régulière (par courriel, par courrier…) | Organiser des discussions informelles ou des réunions en tête-à-tête | Transmettre aux décideurs publics des informations, expertises dans un objectif de conviction | Transmettre des suggestions afin d'influencer la rédaction d'une décision publique",> = 100 000 euros et < 200 000 euros,True,True,1,45.78313253012048,63.1,True,True,False,False,True,False,2 - voisinage thématique,non,sujet technique sans véhicule
agriculture,DVS2BSSV,404685091,FEDER ENTREPRISES ENTREPRENEURS FRANCE,ORG_NO_GOUV,AGRI | CONSO | ECONOMIE | EMPLOI | FINANCES | ENTREPRISE,"Agriculture, agroalimentaire | Concurrence, consommation",Relation industrie-commerce (EGAlim 4) : mettre en place la sanctuarisation du tarif pour les fournisseurs PME-ETI dont le chiffre d'affaires groupe consolidé est inférieur à 350 M euros,2025,2025-01-01,2025-12-31,"Collaborateur du Président de la République | Député, sénateur, collaborateur du Président de l'Assemblée nationale ou du Président du Sénat, d’un député, d'un sénateur ou d'un groupe parlementaire, agents des services des assemblées parlementaires | Membre du Gouvernement ou membre de cabinet ministériel - Premier ministre, Agriculture, agroalimentaire et forêt, Economie et finances","Lois, y compris constitutionnelles","Etablir une correspondance régulière (par courriel, par courrier…) | Organiser des discussions informelles ou des réunions en tête-à-tête | Transmettre aux décideurs publics des informations, expertises dans un objectif de conviction | Transmettre des suggestions afin d'influencer la rédaction d'une décision publique",> = 200 000 euros et < 300 000 euros,True,True,1,39.2,61.5,True,True,False,False,True,False,2 - voisinage thématique,non,"EGAlim 4, autre texte"
logement,5HASW1UH,824581623,ACTION LOGEMENT GROUPE,DIVRES,FINANCE | AMENAGEMENT,"Construction, logement, aménagement du territoire",Proposition d'amendement au PLF2026 visant à RACCOURCIR LE DELAI FISCAL A PARTIR DUQUEL LES LOGEMENTS LOCATIFS INTERMEDIAIRES PEUVENT ETRE VENDUS A DES ACCEDANTS,2025,2025-01-01,2025-12-31,"Député, sénateur, collaborateur du Président de l'Assemblée nationale ou du Président du Sénat, d’un député, d'un sénateur ou d'un groupe parlementaire, agents des services des assemblées parlementaires","Lois, y compris constitutionnelles",Transmettre des suggestions afin d'influencer la rédaction d'une décision publique,> = 100 000 euros et < 200 000 euros,True,True,1,44.34782608695652,62.8,True,True,False,False,True,False,2 - voisinage thématique,non,PLF 2026
defense,PVXIZR4V,383474814,AIRBUS SAS,ENTREPRISE,SECURITE | AERONOSP,"Aéronautique, aérospatiale | Défense, sécurité","PLF: maintenir les mécanismes et aides publiques en soutien à l'innovation et à la décarbonation industrielle et aéronautique en France, dans un contexte de contraintes budgétaires",2025,2025-01-01,2025-12-31,"Collaborateur du Président de la République | Député, sénateur, collaborateur du Président de l'Assemblée nationale ou du Président du Sénat, d’un député, d'un sénateur ou d'un groupe parlementaire, agents des services des assemblées parlementaires | Membre du Gouvernement ou membre de cabinet ministériel - Premier ministre, Economie et finances, Environnement, énergie et mer | Titulaire d'un emploi à la décision du Gouvernement","Autres décisions publiques | Lois, y compris constitutionnelles","Etablir une correspondance régulière (par courriel, par courrier…) | Organiser des discussions informelles ou des réunions en tête-à-tête | Transmettre aux décideurs publics des informations, expertises dans un objectif de conviction",> = 400 000 euros et < 500 000 euros,True,True,1,48.0,63.7,True,True,False,False,True,False,2 - voisinage thématique,non,"PLF, pas la LPM"
logement,OHZU17JV,786257071,FEDER SYNDICATS EXPLOIT AGRICOL MAYENNE,GROUP_PRO,AGRI | CONSO | FINANCES | ENVIRONNEMENT,"Agriculture, agroalimentaire",Soutenir les jeunes agriculteurs souhaitant s'installer en aviculture (Manque de signaux positifs/ besoin de création d'élevages),2025,2025-01-01,2025-12-31,Titulaire d'un emploi à la décision du Gouvernement,"Actes réglementaires | Décisions d'espèce | Lois, y compris constitutionnelles","Inviter ou organiser des évènements, des rencontres ou des activités promotionnelles | Organiser des discussions informelles ou des réunions en tête-à-tête | Organiser des débats publics, des marches, des stratégies d'influence sur internet",< 10 000 euros,True,False,0,42.857142857142854,25.7,True,True,False,False,False,False,0 - écarté,non,
defense,EHL7W2PH,818757601,KAIROS MSC,JURISTE,AGRI | FINANCE | COMMERCE | CONSO | ECONOMIE | ENERGIE | RECHERCHE | FINANCES | ENTREPRISE | ENVIRONNEMENT | AMENAGEMENT | NUMERIQUE | OUTREMER | PUBLIC | PROREG | PROPINT | SANTE | TRANSPORTS | RESOURNAT,"Economie | Construction, logement, aménagement du territoire | Finances publiques | Energie","PPL VISANT À CONFORTER L'HABITAT, L'OFFRE DE LOGEMENTS ET LA
CONSTRUCTION : INTÉGRER L'ISOLATION DES COMBLES PERDUS DANS
LES PRIORITÉS DE LA POLITIQUE NATIONALE DE RÉNOVATION DES
BÂTIMENTS",2025,2025-01-01,2025-12-31,"Député, sénateur, collaborateur du Président de l'Assemblée nationale ou du Président du Sénat, d’un député, d'un sénateur ou d'un groupe parlementaire, agents des services des assemblées parlementaires","Lois, y compris constitutionnelles","Etablir une correspondance régulière (par courriel, par courrier…) | Organiser des discussions informelles ou des réunions en tête-à-tête | Transmettre aux décideurs publics des informations, expertises dans un objectif de conviction | Transmettre des suggestions afin d'influencer la rédaction d'une décision publique",< 10 000 euros,True,False,0,50.498338870431894,27.6,True,True,False,False,False,False,0 - écarté,non,"objet portant sur le logement, classé sous « defense » : écarté à juste titre"
fraudes,O3865FMH,538571530,FORWARD PARTNERS,JURISTE,COMMERCE | ECONOMIE | EDUCATION | FINANCES | NUMERIQUE | SANTE | SPORTS | TRANSPORTS,Economie,"PJL fraude : simplifier et faciliter la rémunération des acteurs institutionnels signalant des opérations illicites sur les réseaux sociaux, via un régime spécifique.",2025,2025-01-01,2025-12-31,"Député, sénateur, collaborateur du Président de l'Assemblée nationale ou du Président du Sénat, d’un député, d'un sénateur ou d'un groupe parlementaire, agents des services des assemblées parlementaires","Lois, y compris constitutionnelles",Transmettre des suggestions afin d'influencer la rédaction d'une décision publique,> = 75 000 euros et < 100 000 euros,True,False,0,51.30434782608695,27.8,True,True,True,True,False,True,1 - texte nommé,oui,
