,coefficient,erreur_standard,z,p_value,ic_bas,ic_haut,odds_ratio,or_ic_bas,or_ic_haut,significatif
Intercept,-3.9311,0.2566,-15.3194,0.0,-4.4341,-3.4282,0.0196,0.0119,0.0324,True
C(bloc)[T.centre],1.924,0.257,7.4871,0.0,1.4203,2.4277,6.8483,4.1385,11.3323,True
C(bloc)[T.droite],1.4202,0.2621,5.4177,0.0,0.9064,1.9339,4.1378,2.4754,6.9167,True
C(bloc)[T.droite radicale],-0.0461,0.2587,-0.1783,0.8585,-0.5531,0.4608,0.9549,0.5752,1.5854,False
C(bloc)[T.gauche],1.3018,0.2692,4.8368,0.0,0.7743,1.8294,3.6761,2.1691,6.23,True
C(bloc)[T.gauche radicale],-0.3845,0.2763,-1.3916,0.164,-0.926,0.157,0.6808,0.3962,1.17,False
C(bloc)[T.non inscrit],1.6732,0.3885,4.3066,0.0,0.9117,2.4346,5.3289,2.4885,11.4115,True
C(texte_cle)[T.defense],-0.665,0.067,-9.924,0.0,-0.7963,-0.5336,0.5143,0.451,0.5865,True
C(texte_cle)[T.fraudes],-0.4454,0.0654,-6.815,0.0,-0.5735,-0.3173,0.6406,0.5635,0.7281,True
proximite_max_std,0.0861,0.0493,1.7446,0.0811,-0.0106,0.1828,1.0899,0.9894,1.2006,False
interet_sectoriel_declare,0.1806,0.1038,1.7396,0.0819,-0.0229,0.3841,1.198,0.9774,1.4683,False
part_rurale_std,0.0008,0.0345,0.0223,0.9822,-0.0668,0.0684,1.0008,0.9354,1.0708,False
dans_commission_competente,-0.0514,0.0753,-0.683,0.4946,-0.1991,0.0962,0.9499,0.8195,1.101,False
a_depose_amendement,-0.2741,0.1275,-2.1491,0.0316,-0.5241,-0.0241,0.7603,0.5921,0.9762,True
