,effet_marginal,erreur_standard,z,p_value,ic_bas,ic_haut,effet_points_pct
C(bloc)[T.centre],0.0764,0.0106,7.2347,0.0,0.0557,0.0971,7.6434
C(bloc)[T.droite],0.0564,0.0106,5.3283,0.0,0.0357,0.0772,5.6419
C(bloc)[T.droite radicale],-0.0018,0.0103,-0.1783,0.8585,-0.022,0.0183,-0.1832
C(bloc)[T.gauche],0.0517,0.0109,4.7246,0.0,0.0303,0.0732,5.1718
C(bloc)[T.gauche radicale],-0.0153,0.011,-1.391,0.1642,-0.0368,0.0062,-1.5274
C(bloc)[T.non inscrit],0.0665,0.0156,4.2529,0.0,0.0358,0.0971,6.6469
C(texte_cle)[T.defense],-0.0264,0.0028,-9.3976,0.0,-0.0319,-0.0209,-2.6417
C(texte_cle)[T.fraudes],-0.0177,0.0027,-6.443,0.0,-0.0231,-0.0123,-1.7695
proximite_max_std,0.0034,0.002,1.752,0.0798,-0.0004,0.0072,0.342
interet_sectoriel_declare,0.0072,0.0041,1.7377,0.0823,-0.0009,0.0153,0.7176
part_rurale_std,0.0,0.0014,0.0223,0.9822,-0.0027,0.0027,0.003
dans_commission_competente,-0.002,0.003,-0.6838,0.4941,-0.0079,0.0038,-0.2044
a_depose_amendement,-0.0109,0.005,-2.1575,0.031,-0.0208,-0.001,-1.0889
